
{
    "region" : "us-east-2",
    "configuration" : "Release",
    "framework"     : "netcoreapp3.1",
    "self-contained" : false,
    "application"    : "Spendings",
    "environment"    : "Tracket",
    "enable-xray"    : false,
    "enhanced-health-type" : "basic",
    "additional-options"   : "\"aws:autoscaling:launchconfiguration,SecurityGroups\"=\"sg-92b30ce1,sg-006e92643bc649e92\";\"aws:ec2:vpc,Subnets\"=\"subnet-85d6ccff\"",
    "solution-stack"       : "64bit Amazon Linux 2 v2.1.1 running .NET Core",
    "environment-type"     : "SingleInstance",
    "cname"                : "tracket",
    "instance-type"        : "t2.micro",
    "key-pair"             : "tracket-key",
    "instance-profile"     : "aws-elasticbeanstalk-ec2-role",
    "service-role"         : "aws-elasticbeanstalk-service-role",
    "proxy-server"         : "nginx"
}